-- phpMyAdmin SQL Dump
-- version 4.4.9
-- http://www.phpmyadmin.net
--
-- Client :  localhost:3306
-- Généré le :  Mer 23 Décembre 2015 à 16:12
-- Version du serveur :  5.5.42
-- Version de PHP :  5.6.10

SET SQL_MODE = "NO_AUTO_VALUE_ON_ZERO";
SET time_zone = "+00:00";


/*!40101 SET @OLD_CHARACTER_SET_CLIENT=@@CHARACTER_SET_CLIENT */;
/*!40101 SET @OLD_CHARACTER_SET_RESULTS=@@CHARACTER_SET_RESULTS */;
/*!40101 SET @OLD_COLLATION_CONNECTION=@@COLLATION_CONNECTION */;
/*!40101 SET NAMES utf8mb4 */;

--
-- Base de données :  `FiguresGeometriques`
--

-- --------------------------------------------------------

--
-- Structure de la table `Figure`
--

CREATE TABLE `Figure` (
  `id` int(11) unsigned NOT NULL,
  `type` varchar(30) NOT NULL,
  `perimetre` double DEFAULT NULL,
  `surface` double DEFAULT NULL
) ENGINE=InnoDB AUTO_INCREMENT=76 DEFAULT CHARSET=utf8;

--
-- Contenu de la table `Figure`
--

INSERT INTO `Figure` (`id`, `type`, `perimetre`, `surface`) VALUES
(5, 'Quadrilatere', 210.71067811865476, 650),
(6, 'Trapeze', 210.71067811865476, 650),
(7, 'Trapeze', 210.71067811865476, 650),
(8, 'Trapeze', 210.71067811865476, 650),
(9, 'Polygone', 617.1601883432527, 9350),
(10, 'Polygone', 282.842712474619, 0),
(11, 'Triangle isocele rectangle', 170.71067811865476, 1250),
(12, 'Quadrilatere', 200, 2500),
(13, 'Carre', 200, 2500),
(14, 'Carre', 200, 2500),
(15, 'Quadrilatere', 200, 2500),
(16, 'Carre', 200, 2500),
(17, 'Polygone', 617.1601883432527, 9350),
(18, 'Triangle isocele rectangle', 170.71067811865476, 1250),
(19, 'Quadrilatere convexe', 21.099019513592786, 2.5),
(20, 'Carre', 20, 25),
(21, 'Triangle isocele rectangle', 17.071067811865476, 12.5),
(22, 'Triangle isocele rectangle', 17.071067811865476, 12.5),
(23, 'Triangle isocele rectangle', 17.071067811865476, 12.5),
(24, 'Triangle isocele rectangle', 17.071067811865476, 12.5),
(25, 'Triangle isocele rectangle', 170.71067811865476, 1250),
(26, 'Triangle isocele rectangle', 170.71067811865476, 1250),
(27, 'Segment', 7.0710678118654755, 0),
(28, 'Figure', 341.4213562373095, 5000),
(29, 'Figure', 341.4213562373095, 5000),
(30, 'Figure', 341.4213562373095, 5000),
(31, 'Figure', 0, 0),
(32, 'Figure', 341.4213562373095, 5000),
(33, 'Figure', 0, 0),
(34, 'Figure', 0, 0),
(35, 'Figure', 0, 0),
(36, 'Figure', 341.4213562373095, 5000),
(37, 'Triangle isocele rectangle', 341.4213562373095, 5000),
(38, 'Carre', 20, 25),
(39, 'Carre', 20, 25),
(40, 'Figure', 341.4213562373095, 5000),
(41, 'Figure', 341.4213562373095, 5000),
(42, 'Triangle isocele rectangle', 341.4213562373095, 5000),
(43, 'Figure', 0, 0),
(44, 'Figure', 341.4213562373095, 5000),
(45, 'Figure', 341.4213562373095, 5000),
(46, 'Figure', 0, 0),
(47, 'Figure', 0, 0),
(48, 'Figure', 0, 0),
(49, 'Figure', 0, 0),
(50, 'Figure', 0, 0),
(51, 'Figure', 0, 0),
(52, 'Figure', 500, 0),
(53, 'Figure', 34.14213562373095, 50),
(54, 'Quadrilatere', 54.14213562373095, 150),
(55, 'Point', 0, 0),
(56, 'Point', 0, 0),
(57, 'Point', 0, 0),
(58, 'Point', 0, 0),
(59, 'Triangle rectangle', 52.3606797749979, 100),
(60, 'Segment', 10, 0),
(61, 'Point', 0, 0),
(62, 'Segment', 10, 0),
(63, 'Segment', 10, 0),
(64, 'Segment', 10, 0),
(65, 'Point', 0, 0),
(66, 'Segment', 10, 0),
(67, 'Point', 0, 0),
(68, 'Point', 0, 0),
(69, 'Point', 0, 0),
(70, 'Point', 0, 0),
(71, 'Point', 0, 0),
(72, 'Point', 0, 0),
(73, 'Carre', 200, 2500),
(74, 'Polygone', 40.19803902718557, 105),
(75, 'Triangle isocele rectangle', 34.14213562373095, 50);

-- --------------------------------------------------------

--
-- Structure de la table `Longueur`
--

CREATE TABLE `Longueur` (
  `id` int(11) unsigned NOT NULL,
  `valeur` double DEFAULT NULL,
  `id_figure` int(11) DEFAULT NULL,
  `num_longueur` int(11) DEFAULT NULL
) ENGINE=InnoDB AUTO_INCREMENT=205 DEFAULT CHARSET=utf8;

--
-- Contenu de la table `Longueur`
--

INSERT INTO `Longueur` (`id`, `valeur`, `id_figure`, `num_longueur`) VALUES
(31, 10, 5, 0),
(32, 30, 5, 1),
(33, 70.71067811865476, 5, 2),
(34, 100, 5, 3),
(35, 10, 6, 0),
(36, 30, 6, 1),
(37, 70.71067811865476, 6, 2),
(38, 100, 6, 3),
(39, 10, 7, 0),
(40, 30, 7, 1),
(41, 70.71067811865476, 7, 2),
(42, 100, 7, 3),
(43, 10, 8, 0),
(44, 30, 8, 1),
(45, 70.71067811865476, 8, 2),
(46, 100, 8, 3),
(47, 10, 9, 0),
(48, 30, 9, 1),
(49, 70.71067811865476, 9, 2),
(50, 223.60679774997897, 9, 3),
(51, 282.842712474619, 9, 4),
(52, 7.0710678118654755, 10, 0),
(53, 141.4213562373095, 10, 1),
(54, 134.35028842544403, 10, 2),
(55, 70.71067811865476, 11, 0),
(56, 50, 11, 1),
(57, 50, 11, 2),
(58, 50, 12, 0),
(59, 50, 12, 1),
(60, 50, 12, 2),
(61, 50, 12, 3),
(62, 50, 13, 0),
(63, 50, 13, 1),
(64, 50, 13, 2),
(65, 50, 13, 3),
(66, 50, 14, 0),
(67, 50, 14, 1),
(68, 50, 14, 2),
(69, 50, 14, 3),
(70, 50, 15, 0),
(71, 50, 15, 1),
(72, 50, 15, 2),
(73, 50, 15, 3),
(74, 50, 16, 0),
(75, 50, 16, 1),
(76, 50, 16, 2),
(77, 50, 16, 3),
(78, 10, 17, 0),
(79, 30, 17, 1),
(80, 70.71067811865476, 17, 2),
(81, 223.60679774997897, 17, 3),
(82, 282.842712474619, 17, 4),
(83, 70.71067811865476, 18, 0),
(84, 50, 18, 1),
(85, 50, 18, 2),
(86, 5, 19, 0),
(87, 5, 19, 1),
(88, 5.0990195135927845, 19, 2),
(89, 6, 19, 3),
(90, 5, 20, 0),
(91, 5, 20, 1),
(92, 5, 20, 2),
(93, 5, 20, 3),
(94, 7.0710678118654755, 21, 0),
(95, 5, 21, 1),
(96, 5, 21, 2),
(97, 7.0710678118654755, 22, 0),
(98, 5, 22, 1),
(99, 5, 22, 2),
(100, 5, 23, 0),
(101, 5, 23, 1),
(102, 7.0710678118654755, 23, 2),
(103, 5, 24, 0),
(104, 5, 24, 1),
(105, 7.0710678118654755, 24, 2),
(106, 70.71067811865476, 25, 0),
(107, 50, 25, 1),
(108, 50, 25, 2),
(109, 70.71067811865476, 26, 0),
(110, 50, 26, 1),
(111, 50, 26, 2),
(112, 7.0710678118654755, 27, 0),
(113, 100, 28, 0),
(114, 100, 28, 1),
(115, 141.4213562373095, 28, 2),
(116, 100, 29, 0),
(117, 100, 29, 1),
(118, 141.4213562373095, 29, 2),
(119, 100, 30, 0),
(120, 100, 30, 1),
(121, 141.4213562373095, 30, 2),
(122, 0, 31, 0),
(123, 100, 32, 0),
(124, 100, 32, 1),
(125, 141.4213562373095, 32, 2),
(126, 0, 33, 0),
(127, 0, 34, 0),
(128, 0, 35, 0),
(129, 141.4213562373095, 36, 0),
(130, 100, 36, 1),
(131, 100, 36, 2),
(132, 100, 37, 0),
(133, 100, 37, 1),
(134, 141.4213562373095, 37, 2),
(135, 5, 38, 0),
(136, 5, 38, 1),
(137, 5, 38, 2),
(138, 5, 38, 3),
(139, 5, 39, 0),
(140, 5, 39, 1),
(141, 5, 39, 2),
(142, 5, 39, 3),
(143, 100, 40, 0),
(144, 100, 40, 1),
(145, 141.4213562373095, 40, 2),
(146, 100, 41, 0),
(147, 100, 41, 1),
(148, 141.4213562373095, 41, 2),
(149, 100, 42, 0),
(150, 100, 42, 1),
(151, 141.4213562373095, 42, 2),
(152, 0, 43, 0),
(153, 100, 44, 0),
(154, 100, 44, 1),
(155, 141.4213562373095, 44, 2),
(156, 141.4213562373095, 45, 0),
(157, 100, 45, 1),
(158, 100, 45, 2),
(159, 0, 46, 0),
(160, 0, 47, 0),
(161, 0, 48, 0),
(162, 0, 49, 0),
(163, 0, 50, 0),
(164, 0, 51, 0),
(165, 500, 52, 0),
(166, 10, 53, 0),
(167, 10, 53, 1),
(168, 14.142135623730951, 53, 2),
(169, 10, 54, 0),
(170, 10, 54, 1),
(171, 20, 54, 2),
(172, 14.142135623730951, 54, 3),
(173, 0, 55, 0),
(174, 0, 56, 0),
(175, 0, 57, 0),
(176, 0, 58, 0),
(177, 10, 59, 0),
(178, 20, 59, 1),
(179, 22.360679774997898, 59, 2),
(180, 10, 60, 0),
(181, 0, 61, 0),
(182, 10, 62, 0),
(183, 10, 63, 0),
(184, 10, 64, 0),
(185, 0, 65, 0),
(186, 10, 66, 0),
(187, 0, 67, 0),
(188, 0, 68, 0),
(189, 0, 69, 0),
(190, 0, 70, 0),
(191, 0, 71, 0),
(192, 0, 72, 0),
(193, 50, 73, 0),
(194, 50, 73, 1),
(195, 50, 73, 2),
(196, 50, 73, 3),
(197, 10, 74, 0),
(198, 10, 74, 1),
(199, 5.0990195135927845, 74, 2),
(200, 5.0990195135927845, 74, 3),
(201, 10, 74, 4),
(202, 10, 75, 0),
(203, 10, 75, 1),
(204, 14.142135623730951, 75, 2);

-- --------------------------------------------------------

--
-- Structure de la table `Point`
--

CREATE TABLE `Point` (
  `id` int(11) unsigned NOT NULL,
  `x` double DEFAULT NULL,
  `y` double DEFAULT NULL,
  `id_figure` int(11) DEFAULT NULL,
  `num_point` int(11) DEFAULT NULL
) ENGINE=InnoDB AUTO_INCREMENT=198 DEFAULT CHARSET=utf8;

--
-- Contenu de la table `Point`
--

INSERT INTO `Point` (`id`, `x`, `y`, `id_figure`, `num_point`) VALUES
(26, 0, 0, 5, 0),
(27, 0, 10, 5, 1),
(28, 30, 10, 5, 2),
(29, 100, 0, 5, 3),
(30, 0, 0, 6, 0),
(31, 0, 10, 6, 1),
(32, 30, 10, 6, 2),
(33, 100, 0, 6, 3),
(34, 0, 0, 7, 0),
(35, 0, 10, 7, 1),
(36, 30, 10, 7, 2),
(37, 100, 0, 7, 3),
(38, 0, 0, 8, 0),
(39, 0, 10, 8, 1),
(40, 30, 10, 8, 2),
(41, 100, 0, 8, 3),
(42, 250, 250, 9, 0),
(43, 250, 240, 9, 1),
(44, 280, 240, 9, 2),
(45, 350, 250, 9, 3),
(46, 450, 50, 9, 4),
(47, 255, 245, 10, 0),
(48, 250, 250, 10, 1),
(49, 350, 150, 10, 2),
(50, 300, 200, 11, 0),
(51, 250, 250, 11, 1),
(52, 250, 200, 11, 2),
(53, 250, 250, 12, 0),
(54, 300, 250, 12, 1),
(55, 300, 200, 12, 2),
(56, 250, 200, 12, 3),
(57, 250, 250, 13, 0),
(58, 300, 250, 13, 1),
(59, 300, 200, 13, 2),
(60, 250, 200, 13, 3),
(61, 250, 250, 14, 0),
(62, 300, 250, 14, 1),
(63, 300, 200, 14, 2),
(64, 250, 200, 14, 3),
(65, 250, 250, 15, 0),
(66, 250, 200, 15, 1),
(67, 300, 200, 15, 2),
(68, 300, 250, 15, 3),
(69, 250, 250, 16, 0),
(70, 300, 250, 16, 1),
(71, 300, 200, 16, 2),
(72, 250, 200, 16, 3),
(73, 250, 250, 17, 0),
(74, 250, 240, 17, 1),
(75, 280, 240, 17, 2),
(76, 350, 250, 17, 3),
(77, 450, 50, 17, 4),
(78, 250, 250, 18, 0),
(79, 300, 200, 18, 1),
(80, 300, 250, 18, 2),
(81, 0, 0, 19, 0),
(82, 5, 0, 19, 1),
(83, 5, 5, 19, 2),
(84, 6, 0, 19, 3),
(85, 0, 0, 20, 0),
(86, 5, 0, 20, 1),
(87, 5, 5, 20, 2),
(88, 0, 5, 20, 3),
(89, 5, 5, 21, 0),
(90, 0, 0, 21, 1),
(91, 5, 0, 21, 2),
(92, 0, 0, 22, 0),
(93, 5, 5, 22, 1),
(94, 5, 0, 22, 2),
(95, 0, 0, 23, 0),
(96, 5, 0, 23, 1),
(97, 5, 5, 23, 2),
(98, 250, 250, 24, 0),
(99, 255, 250, 24, 1),
(100, 255, 245, 24, 2),
(101, 250, 250, 25, 0),
(102, 300, 200, 25, 1),
(103, 300, 250, 25, 2),
(104, 250, 250, 26, 0),
(105, 300, 200, 26, 1),
(106, 300, 250, 26, 2),
(107, 250, 250, 27, 0),
(108, 255, 245, 27, 1),
(109, 185, 168, 28, 0),
(110, 285, 168, 28, 1),
(111, 285, 68, 28, 2),
(112, 185, 168, 29, 0),
(113, 285, 168, 29, 1),
(114, 285, 68, 29, 2),
(115, 185, 168, 30, 0),
(116, 285, 168, 30, 1),
(117, 285, 268, 30, 2),
(118, 185, 168, 31, 0),
(119, 185, 168, 32, 0),
(120, 285, 168, 32, 1),
(121, 285, 68, 32, 2),
(122, 185, 168, 33, 0),
(123, 185, 168, 36, 0),
(124, 285, 68, 36, 1),
(125, 285, 168, 36, 2),
(126, 185, 168, 37, 0),
(127, 285, 168, 37, 1),
(128, 285, 68, 37, 2),
(129, 0, 0, 38, 0),
(130, 5, 0, 38, 1),
(131, 5, 5, 38, 2),
(132, 0, 5, 38, 3),
(133, 0, 0, 39, 0),
(134, 5, 0, 39, 1),
(135, 5, 5, 39, 2),
(136, 0, 5, 39, 3),
(137, 185, 168, 40, 0),
(138, 285, 168, 40, 1),
(139, 285, 68, 40, 2),
(140, 185, 168, 41, 0),
(141, 285, 168, 41, 1),
(142, 285, 68, 41, 2),
(143, 185, 168, 42, 0),
(144, 285, 168, 42, 1),
(145, 285, 268, 42, 2),
(146, 185, 168, 44, 0),
(147, 285, 168, 44, 1),
(148, 285, 68, 44, 2),
(149, 185, 168, 45, 0),
(150, 285, 68, 45, 1),
(151, 285, 168, 45, 2),
(152, 2112, -1377, 52, 0),
(153, 2612, -1377, 52, 1),
(154, 0, 0, 53, 0),
(155, 10, 0, 53, 1),
(156, 10, 10, 53, 2),
(157, 0, 0, 54, 0),
(158, 10, 0, 54, 1),
(159, 10, 10, 54, 2),
(160, -10, 10, 54, 3),
(161, 0, 0, 55, 0),
(162, 0, 0, 56, 0),
(163, 0, 9, 57, 0),
(164, 0, 0, 58, 0),
(165, 0, 0, 59, 0),
(166, 10, 0, 59, 1),
(167, 10, 20, 59, 2),
(168, 10, 10, 60, 0),
(169, 10, 0, 60, 1),
(170, 0, 0, 61, 0),
(171, 0, 0, 62, 0),
(172, 10, 0, 62, 1),
(173, 0, 0, 63, 0),
(174, 10, 0, 63, 1),
(175, 0, 0, 64, 0),
(176, 10, 0, 64, 1),
(177, 0, 0, 65, 0),
(178, 0, 0, 66, 0),
(179, 10, 0, 66, 1),
(180, 0, 0, 67, 0),
(181, 0, 0, 68, 0),
(182, 0, 0, 69, 0),
(183, 0, 0, 70, 0),
(184, 0, 0, 71, 0),
(185, 0, 0, 72, 0),
(186, 250, 250, 73, 0),
(187, 300, 250, 73, 1),
(188, 300, 200, 73, 2),
(189, 250, 200, 73, 3),
(190, 0, 0, 74, 0),
(191, 10, 0, 74, 1),
(192, 10, 10, 74, 2),
(193, 5, 11, 74, 3),
(194, 0, 10, 74, 4),
(195, 0, 0, 75, 0),
(196, 10, 0, 75, 1),
(197, 10, 10, 75, 2);

--
-- Index pour les tables exportées
--

--
-- Index pour la table `Figure`
--
ALTER TABLE `Figure`
  ADD PRIMARY KEY (`id`);

--
-- Index pour la table `Longueur`
--
ALTER TABLE `Longueur`
  ADD PRIMARY KEY (`id`);

--
-- Index pour la table `Point`
--
ALTER TABLE `Point`
  ADD PRIMARY KEY (`id`);

--
-- AUTO_INCREMENT pour les tables exportées
--

--
-- AUTO_INCREMENT pour la table `Figure`
--
ALTER TABLE `Figure`
  MODIFY `id` int(11) unsigned NOT NULL AUTO_INCREMENT,AUTO_INCREMENT=76;
--
-- AUTO_INCREMENT pour la table `Longueur`
--
ALTER TABLE `Longueur`
  MODIFY `id` int(11) unsigned NOT NULL AUTO_INCREMENT,AUTO_INCREMENT=205;
--
-- AUTO_INCREMENT pour la table `Point`
--
ALTER TABLE `Point`
  MODIFY `id` int(11) unsigned NOT NULL AUTO_INCREMENT,AUTO_INCREMENT=198;
/*!40101 SET CHARACTER_SET_CLIENT=@OLD_CHARACTER_SET_CLIENT */;
/*!40101 SET CHARACTER_SET_RESULTS=@OLD_CHARACTER_SET_RESULTS */;
/*!40101 SET COLLATION_CONNECTION=@OLD_COLLATION_CONNECTION */;
